Iteracion;degree;closseness;harmonic;ASP;betweenness;percolation;pagerank
0;0.00283349;0.0085801;13.5023;0.00732831;28.449;29.4995;0.218084
1;0.00300283;0.00788328;13.4556;0.00718071;28.154;29.2645;0.217377
