Iteracion;degree;closseness;harmonic;ASP;betweenness;percolation;pagerank
0;0.0216048;0.0230064;0.0622834;0.000322206;0.530271;0.543684;3.39802
1;0.0210158;0.0227227;0.0622177;0.000319161;0.531515;0.528149;3.47748
