Iteracion;degree;closeness;harmonic;ASP;betweenness;percolation;pagerank
1;0.000577633;0.00155417;0.765558;0.00118945;1.74628;1.80528;0.0386761
2;0.000513681;0.00148472;0.759194;0.00125148;1.75814;1.79979;0.0381124
3;0.000553973;0.00147559;0.763453;0.00124988;1.74626;1.80357;0.0380944
4;0.000528945;0.00147932;0.775828;0.00169213;1.76762;1.81693;0.0384821
5;0.00052487;0.00155025;0.780159;0.00126808;1.7478;1.8142;0.0397136
6;0.000551008;0.0015448;0.762385;0.0012148;1.75608;1.80312;0.0474189
